userId,history_len,drift,focus,maturity,freshness,w_ncf,w_tr,w_gen,static_rank,damr_rank,static_hit,damr_hit,static_ndcg,damr_ndcg
7329,83,0.0701,0.2937,0.8263,0.5657,0.6378284692764282,0.22663536667823792,0.13553614914417267,4,3,1,1,0.43067655807339306,0.5
1551,59,0.083,0.3191,0.7656,0.4541,0.6205098628997803,0.22645914554595947,0.15303099155426025,93,75,0,0,0.0,0.0
18343,38,0.2026,0.4211,0.6809,0.2865,0.5236490368843079,0.28108152747154236,0.19526951014995575,94,74,0,0,0.0,0.0
16321,257,0.0224,0.2154,1.0,0.8371,0.6925795674324036,0.21328431367874146,0.09413614869117737,38,14,0,0,0.0,0.0
14857,265,0.0284,0.2095,1.0,0.8405,0.6888769268989563,0.21708860993385315,0.09403449296951294,39,29,0,0,0.0,0.0
9275,18,0.2559,0.4392,0.5552,0.0821,0.46584856510162354,0.2947576940059662,0.23939374089241028,10,17,1,0,0.2890648263178879,0.0
6740,94,0.0539,0.3265,0.8547,0.6132,0.649358332157135,0.21927742660045624,0.13136421144008636,17,21,0,0,0.0,0.0
35835,74,0.0625,0.2397,0.8141,0.5444,0.6449010372161865,0.2224605679512024,0.13263830542564392,45,14,0,0,0.0,0.0
5771,30,0.4244,0.4874,0.5228,0.0498,0.34750986099243164,0.39916545152664185,0.2533246874809265,23,6,0,1,0.0,0.3562071871080222
38856,22,0.2868,0.5325,0.5912,0.1293,0.4447900950908661,0.3134267032146454,0.24178318679332733,13,23,0,0,0.0,0.0
28022,125,0.0844,0.235,0.9119,0.6977,0.6430245637893677,0.24279707670211792,0.1141783744096756,44,38,0,0,0.0,0.0
1969,23,0.3604,0.4034,0.5993,0.1413,0.4078448712825775,0.37210267782211304,0.22005243599414825,43,51,0,0,0.0,0.0
1853,19,0.1503,0.433,0.5552,0.0821,0.5337141156196594,0.23335324227809906,0.2329326570034027,15,10,0,1,0.0,0.2890648263178879
6195,56,0.2205,0.4709,0.7451,0.4138,0.5151787400245667,0.3018731474876404,0.18294818699359894,22,2,0,1,0.0,0.6309297535714575
14567,90,0.0246,0.2134,0.8506,0.6065,0.6744420528411865,0.2053978443145752,0.1201600730419159,43,15,0,0,0.0,0.0
15511,26,0.1443,0.577,0.6215,0.1771,0.5374674201011658,0.2310238927602768,0.23150861263275146,53,51,0,0,0.0,0.0
33301,213,0.0549,0.2822,1.0,0.8029,0.6717750430107117,0.22709231078624725,0.1011325940489769,8,31,1,0,0.31546487678572877,0.0
39595,43,0.295,0.318,0.6649,0.2557,0.46653202176094055,0.3440784513950348,0.18938948214054108,20,21,0,0,0.0,0.0
1633,31,0.3931,0.2819,0.6413,0.2119,0.39860641956329346,0.4113594889640808,0.19003409147262573,15,10,0,1,0.0,0.2890648263178879
36933,176,0.0148,0.228,0.9605,0.7575,0.6940540075302124,0.2047915905714035,0.10115446150302887,32,5,0,1,0.0,0.38685280723454163
13216,112,0.0527,0.2108,0.8897,0.6667,0.6620357036590576,0.22353599965572357,0.11442830413579941,40,3,0,1,0.0,0.5
35809,28,0.2236,0.3255,0.6349,0.2005,0.5111165046691895,0.2909409999847412,0.19794248044490814,1,1,1,1,1.0,1.0
27885,22,0.0443,0.6722,0.5741,0.1054,0.575680673122406,0.1734876185655594,0.2508316934108734,54,74,0,0,0.0,0.0
14683,21,0.1276,0.6376,0.5829,0.1173,0.533023476600647,0.2150280624628067,0.25194844603538513,67,19,0,0,0.0,0.0
29799,46,0.1723,0.3359,0.7219,0.3679,0.5556345582008362,0.272577702999115,0.17178775370121002,12,23,0,0,0.0,0.0
38784,24,0.0499,0.3061,0.5912,0.1293,0.6152238249778748,0.18919897079467773,0.1955772191286087,75,28,0,0,0.0,0.0
18520,39,0.2288,0.39,0.6908,0.306,0.5096351504325867,0.3009662330150604,0.1893986612558365,95,72,0,0,0.0,0.0
424,114,0.0878,0.1966,0.809,0.5353,0.6310491561889648,0.23750929534435272,0.1314416229724884,5,4,1,1,0.38685280723454163,0.43067655807339306
10642,50,0.1042,0.3686,0.7219,0.3679,0.5976986885070801,0.23103050887584686,0.17127078771591187,32,57,0,0,0.0,0.0
28071,41,0.0739,0.3412,0.7002,0.3247,0.6160560250282288,0.21234045922756195,0.17160354554653168,64,21,0,0,0.0,0.0
22588,24,0.2371,0.3965,0.5912,0.1293,0.4890739321708679,0.28960755467414856,0.22131846845149994,81,84,0,0,0.0,0.0
18510,47,0.2302,0.3436,0.7136,0.3512,0.5146246552467346,0.3081296980381012,0.17724567651748657,97,62,0,0,0.0,0.0
10339,132,0.0823,0.2783,0.9193,0.7074,0.6428372263908386,0.24092471599578857,0.1162380650639534,19,13,0,0,0.0,0.0
14354,96,0.0745,0.3379,0.8309,0.5738,0.6324955821037292,0.2284977287054062,0.13900670409202576,55,3,0,1,0.0,0.5
22354,22,0.1987,0.362,0.5829,0.1173,0.5156717300415039,0.266806423664093,0.21752187609672546,21,49,0,0,0.0,0.0
6729,170,0.0611,0.2029,0.9639,0.7613,0.6671082973480225,0.2313670516014099,0.10152462869882584,36,9,0,1,0.0,0.3010299956639812
6139,213,0.1,0.2405,0.9717,0.7698,0.6406592726707458,0.254311740398407,0.10502902418375015,97,39,0,0,0.0,0.0
25196,54,0.05,0.2626,0.7377,0.3992,0.6420114636421204,0.20654310286045074,0.1514453887939453,20,17,0,0,0.0,0.0
6389,27,0.2818,0.271,0.6283,0.1889,0.4748181700706482,0.3307870626449585,0.19439475238323212,42,13,0,0,0.0,0.0
23844,41,0.1863,0.3289,0.7048,0.3337,0.544816255569458,0.2787795960903168,0.17640413343906403,4,8,1,1,0.43067655807339306,0.31546487678572877
22844,119,0.0535,0.2957,0.898,0.6785,0.6573708653450012,0.22268125414848328,0.1199478730559349,65,10,0,1,0.0,0.2890648263178879
39704,33,0.1436,0.4307,0.6535,0.2342,0.5574590563774109,0.2411097139120102,0.20143122971057892,12,7,0,1,0.0,0.3333333333333333
17689,60,0.1619,0.358,0.772,0.4664,0.5665019750595093,0.273120641708374,0.1603773683309555,15,15,0,0,0.0,0.0
2722,47,0.1004,0.4721,0.5993,0.1413,0.5703878402709961,0.20947399735450745,0.22013820707798004,1,10,1,1,1.0,0.2890648263178879
30424,238,0.0426,0.1924,1.0,0.8251,0.6822706460952759,0.22388428449630737,0.09384508430957794,32,39,0,0,0.0,0.0
35265,81,0.1257,0.1906,0.8116,0.5399,0.606631338596344,0.2608835697174072,0.13248510658740997,38,34,0,0,0.0,0.0
8236,18,0.419,0.6308,0.5552,0.0821,0.34664008021354675,0.38816481828689575,0.26519519090652466,55,17,0,0,0.0,0.0
25120,82,0.1133,0.4336,0.809,0.5353,0.597693145275116,0.2459554523229599,0.1563514769077301,89,91,0,0,0.0,0.0
5145,88,0.1492,0.2643,0.809,0.5353,0.5855834484100342,0.27323487401008606,0.14118170738220215,28,35,0,0,0.0,0.0
36299,95,0.1154,0.2658,0.8355,0.5815,0.6112396717071533,0.25504299998283386,0.133717343211174,2,8,1,1,0.6309297535714575,0.31546487678572877
19493,102,0.1377,0.3201,0.8464,0.5997,0.5939022302627563,0.2685152292251587,0.13758249580860138,82,95,0,0,0.0,0.0
41271,38,0.2041,0.2871,0.6809,0.2865,0.5332340002059937,0.2877331078052521,0.1790328472852707,2,4,1,1,0.6309297535714575,0.43067655807339306
40623,102,0.0711,0.2737,0.8702,0.6376,0.6439296007156372,0.2314542979001999,0.12461616843938828,1,2,1,1,1.0,0.6309297535714575
24011,196,0.0886,0.195,0.9884,0.7871,0.653130054473877,0.24837985634803772,0.09849002212285995,72,20,0,0,0.0,0.0
37915,121,0.0682,0.2936,0.9027,0.6851,0.6487805247306824,0.23142075538635254,0.11979877948760986,12,2,0,1,0.0,0.6309297535714575
12800,26,0.2333,0.4956,0.5993,0.1413,0.484313040971756,0.2832031548023224,0.23248377442359924,49,31,0,0,0.0,0.0
4542,24,0.0969,0.4428,0.607,0.1534,0.5770195126533508,0.20955979824066162,0.21342065930366516,49,78,0,0,0.0,0.0
2832,48,0.1908,0.3107,0.73,0.3839,0.5458391904830933,0.286577045917511,0.16758377850055695,64,20,0,0,0.0,0.0
15200,55,0.1031,0.4713,0.759,0.4412,0.5948466062545776,0.23234345018863678,0.17280998826026917,29,13,0,0,0.0,0.0
19261,184,0.0757,0.2013,0.9844,0.783,0.6607197523117065,0.2403515726327896,0.09892863780260086,16,18,0,0,0.0,0.0
5212,1553,0.0255,0.1807,1.0,0.9707,0.6802191138267517,0.22943688929080963,0.09034394472837448,33,27,0,0,0.0,0.0
15520,227,0.1487,0.2706,0.8286,0.5698,0.5875890254974365,0.2750686705112457,0.13734234869480133,19,5,0,1,0.0,0.38685280723454163
6658,23,0.2702,0.3969,0.5993,0.1413,0.46856099367141724,0.3117648661136627,0.21967414021492004,20,50,0,0,0.0,0.0
25208,35,0.1907,0.2622,0.6757,0.2765,0.543613612651825,0.2793797254562378,0.17700673639774323,26,7,0,1,0.0,0.3333333333333333
18513,470,0.0288,0.1971,1.0,0.8861,0.6851348876953125,0.22220908105373383,0.09265609085559845,37,63,0,0,0.0,0.0
30048,243,0.1252,0.2961,1.0,0.823,0.6223723292350769,0.2723482549190521,0.10527937859296799,38,71,0,0,0.0,0.0
24197,20,0.1631,0.4267,0.5741,0.1054,0.5306187272071838,0.24235333502292633,0.22702784836292267,82,91,0,0,0.0,0.0
10850,45,0.3151,0.2386,0.6413,0.2119,0.45555803179740906,0.3578149974346161,0.18662703037261963,5,10,1,1,0.38685280723454163,0.2890648263178879
24573,109,0.0388,0.1865,0.8793,0.6514,0.6709184050559998,0.21559259295463562,0.1134890615940094,27,92,0,0,0.0,0.0
23610,130,0.0365,0.2143,0.9074,0.6915,0.6742501854896545,0.21526594460010529,0.11048393696546555,62,94,0,0,0.0,0.0
14005,19,0.2214,0.5161,0.5649,0.0936,0.4830377399921417,0.27063682675361633,0.24632549285888672,91,40,0,0,0.0,0.0
17827,51,0.0973,0.2781,0.7414,0.4066,0.6116615533828735,0.23255160450935364,0.15578676760196686,18,17,0,0,0.0,0.0
4646,99,0.086,0.2905,0.8191,0.5532,0.626996636390686,0.23512662947177887,0.1378767490386963,80,52,0,0,0.0,0.0
40053,102,0.0678,0.2516,0.8665,0.6318,0.6470035314559937,0.22976906597614288,0.1232273280620575,64,11,0,0,0.0,0.0
11426,28,0.2239,0.4087,0.6215,0.1771,0.5019674897193909,0.2850852608680725,0.21294721961021423,40,2,0,1,0.0,0.6309297535714575
35138,18,0.4684,0.4712,0.5552,0.0821,0.3271949291229248,0.4355454444885254,0.2372596561908722,3,10,1,1,0.5,0.2890648263178879
16317,41,0.2265,0.3207,0.7002,0.3247,0.5174664258956909,0.3042645752429962,0.17826899886131287,47,50,0,0,0.0,0.0
10900,19,0.1616,0.3569,0.5649,0.0936,0.5362151861190796,0.24369528889656067,0.22008955478668213,71,79,0,0,0.0,0.0
30591,67,0.1227,0.2981,0.7956,0.5109,0.5997108817100525,0.25404226779937744,0.14624693989753723,55,5,0,1,0.0,0.38685280723454163
25175,21,0.2447,0.4378,0.5741,0.1054,0.4771917462348938,0.28999724984169006,0.2328110933303833,3,9,1,1,0.5,0.3010299956639812
17993,18,0.512,0.5565,0.4522,0.0111,0.27691611647605896,0.44682079553604126,0.2762630879878998,62,40,0,0,0.0,0.0
36667,111,0.2169,0.4123,0.8506,0.6065,0.5331324338912964,0.31826451420783997,0.14860308170318604,62,50,0,0,0.0,0.0
14632,18,0.1889,0.6358,0.545,0.0709,0.4865753650665283,0.2438674420118332,0.26955723762512207,37,56,0,0,0.0,0.0
21569,41,0.1997,0.295,0.6908,0.306,0.5367419123649597,0.2862800061702728,0.17697817087173462,79,29,0,0,0.0,0.0
3565,84,0.1296,0.4311,0.8116,0.5399,0.5874595046043396,0.2561108469963074,0.15642961859703064,87,12,0,0,0.0,0.0
15276,19,0.0979,0.5385,0.545,0.0709,0.5519995093345642,0.2011961191892624,0.24680441617965698,7,9,1,1,0.3333333333333333,0.3010299956639812
1991,49,0.0983,0.2651,0.7377,0.3992,0.6115872263908386,0.23299351334571838,0.15541929006576538,10,45,1,0,0.2890648263178879,0.0
20997,23,0.2161,0.3306,0.5912,0.1293,0.5086037516593933,0.2798299789428711,0.2115662544965744,94,59,0,0,0.0,0.0
26654,37,0.2165,0.3042,0.6859,0.2963,0.5240398645401001,0.29587018489837646,0.1800900101661682,3,4,1,1,0.5,0.43067655807339306
17873,19,0.1263,0.5679,0.5649,0.0936,0.5369076728820801,0.2156505286693573,0.24744173884391785,59,21,0,0,0.0,0.0
4299,24,0.2261,0.5301,0.607,0.1534,0.4872654378414154,0.27814486622810364,0.23458969593048096,84,17,0,0,0.0,0.0
14107,47,0.1484,0.439,0.73,0.3839,0.5643796920776367,0.25544577836990356,0.1801745444536209,51,29,0,0,0.0,0.0
37315,29,0.2152,0.4025,0.6283,0.1889,0.5093227624893188,0.2810478210449219,0.2096293419599533,39,5,0,1,0.0,0.38685280723454163
20956,25,0.2096,0.3413,0.6144,0.1653,0.5160115361213684,0.2783646881580353,0.20562376081943512,54,10,0,1,0.0,0.2890648263178879
14210,208,0.0344,0.1982,1.0,0.8003,0.68934565782547,0.21655960381031036,0.09409470856189728,38,15,0,0,0.0,0.0
32947,130,0.0537,0.2108,0.9119,0.6977,0.6642577052116394,0.22526176273822784,0.11048050969839096,64,39,0,0,0.0,0.0
26281,188,0.1226,0.2242,0.9673,0.765,0.625536322593689,0.26891958713531494,0.10554405301809311,64,53,0,0,0.0,0.0
30389,59,0.2854,0.3823,0.7689,0.4603,0.47817549109458923,0.35477393865585327,0.16705060005187988,40,32,0,0,0.0,0.0
9489,55,0.1276,0.3752,0.7556,0.4346,0.5862229466438293,0.24916695058345795,0.16461002826690674,17,6,0,1,0.0,0.3562071871080222
17704,461,0.0303,0.1964,1.0,0.9048,0.6825093626976013,0.22503350675106049,0.09245713800191879,78,79,0,0,0.0,0.0
9282,253,0.0322,0.1587,1.0,0.831,0.6899619698524475,0.2190893292427063,0.0909486934542656,33,30,0,0,0.0,0.0
16427,30,0.1181,0.3605,0.6283,0.1889,0.5757513642311096,0.22616592049598694,0.19808274507522583,34,19,0,0,0.0,0.0
36938,18,0.3729,0.5548,0.5552,0.0821,0.38098832964897156,0.3630576729774475,0.25595399737358093,48,12,0,0,0.0,0.0
35418,21,0.526,0.4122,0.5741,0.1054,0.2980167269706726,0.4847593903541565,0.2172238975763321,97,60,0,0,0.0,0.0
17555,124,0.0824,0.2865,0.9074,0.6915,0.6406616568565369,0.2401886135339737,0.11914967745542526,14,32,0,0,0.0,0.0
38441,27,0.226,0.5013,0.6283,0.1889,0.4936380684375763,0.28288644552230835,0.22347545623779297,82,9,0,1,0.0,0.3010299956639812
28453,69,0.1216,0.2502,0.7338,0.3916,0.5971514582633972,0.24646839499473572,0.15638014674186707,13,36,0,0,0.0,0.0
38353,400,0.033,0.2155,1.0,0.8921,0.680999755859375,0.2249470353126526,0.0940532311797142,74,90,0,0,0.0,0.0
26529,169,0.1158,0.3304,0.8947,0.6739,0.6140862107276917,0.258671373128891,0.12724246084690094,62,61,0,0,0.0,0.0
24026,77,0.1932,0.3039,0.7928,0.5057,0.5508482456207275,0.29838430881500244,0.15076741576194763,19,10,0,1,0.0,0.2890648263178879
14608,88,0.1122,0.2934,0.8141,0.5444,0.6090834736824036,0.25002437829971313,0.1408921182155609,98,93,0,0,0.0,0.0
9176,80,0.0623,0.3208,0.8191,0.5532,0.6399670243263245,0.22088666260242462,0.13914626836776733,37,8,0,1,0.0,0.31546487678572877
33598,58,0.0789,0.3514,0.7689,0.4603,0.6210480332374573,0.223667711019516,0.15528427064418793,22,19,0,0,0.0,0.0
32561,212,0.1091,0.2257,0.8684,0.6347,0.6217957735061646,0.2552145719528198,0.1229897066950798,57,65,0,0,0.0,0.0
6009,25,0.1698,0.5211,0.607,0.1534,0.5241051316261292,0.24566659331321716,0.2302282750606537,7,2,1,1,0.3333333333333333,0.6309297535714575
2894,51,0.0989,0.2551,0.7451,0.4138,0.6128052473068237,0.23461367189884186,0.1525810807943344,32,36,0,0,0.0,0.0
7231,33,0.1536,0.4004,0.6593,0.2451,0.5546095967292786,0.2488940954208374,0.19649627804756165,56,83,0,0,0.0,0.0
10155,23,0.2356,0.4837,0.5912,0.1293,0.482349693775177,0.28413012623786926,0.23352015018463135,93,58,0,0,0.0,0.0
41170,262,0.052,0.1809,1.0,0.8173,0.6776161193847656,0.22872121632099152,0.09366268664598465,87,7,0,1,0.0,0.3333333333333333
10661,28,0.1694,0.377,0.6349,0.2005,0.5426169633865356,0.2555010914802551,0.20188187062740326,34,7,0,1,0.0,0.3333333333333333
28044,123,0.0976,0.2067,0.9074,0.6915,0.6353671550750732,0.2512192130088806,0.11341367661952972,88,39,0,0,0.0,0.0
39197,518,0.1085,0.2077,1.0,0.9154,0.6289342641830444,0.2743925452232361,0.0966731607913971,5,32,1,0,0.38685280723454163,0.0
4110,249,0.0615,0.2277,1.0,0.8303,0.6678961515426636,0.2348872572183609,0.09721662104129791,36,52,0,0,0.0,0.0
25574,27,0.2619,0.4119,0.6283,0.1889,0.47742465138435364,0.3102254867553711,0.21234989166259766,54,55,0,0,0.0,0.0
25328,18,0.3944,0.7584,0.4976,0.0314,0.33905133605003357,0.35384342074394226,0.30710524320602417,3,9,1,1,0.5,0.3010299956639812
39177,34,0.3921,0.3305,0.6593,0.2451,0.39789795875549316,0.41145867109298706,0.19064338505268097,3,2,1,1,0.5,0.6309297535714575
30959,55,0.1351,0.2749,0.7522,0.4278,0.5884301066398621,0.25640830397605896,0.15516160428524017,4,12,1,0,0.43067655807339306,0.0
34887,18,0.1717,0.585,0.545,0.0709,0.5024399161338806,0.23710642755031586,0.2604537010192871,38,52,0,0,0.0,0.0
16733,46,0.125,0.3946,0.6475,0.2231,0.5715583562850952,0.23119686543941498,0.1972447782754898,2,3,1,1,0.6309297535714575,0.5
36401,203,0.0727,0.1918,0.9823,0.7809,0.6628609895706177,0.2387121021747589,0.09842690080404282,85,10,0,1,0.0,0.2890648263178879
691,46,0.1601,0.4457,0.7002,0.3247,0.5522730350494385,0.2573907971382141,0.19033610820770264,26,44,0,0,0.0,0.0
7520,30,0.4183,0.3627,0.6475,0.2231,0.3771524429321289,0.42585650086402893,0.19699107110500336,34,36,0,0,0.0,0.0
35313,281,0.0592,0.2757,1.0,0.8485,0.6651471853256226,0.23459281027317047,0.10026005655527115,12,42,0,0,0.0,0.0
17815,37,0.1137,0.5063,0.6859,0.2963,0.5746397972106934,0.22639845311641693,0.19896173477172852,7,6,1,1,0.3333333333333333,0.3562071871080222
22584,23,0.4194,0.4692,0.5912,0.1293,0.36346644163131714,0.40738144516944885,0.229152113199234,6,3,1,1,0.3562071871080222,0.5
7333,152,0.0751,0.2665,0.9423,0.7363,0.6514314413070679,0.2378178983926773,0.11075063794851303,11,13,0,0,0.0,0.0
19519,110,0.0789,0.2689,0.8739,0.6433,0.6396662592887878,0.23639394342899323,0.12393976002931595,22,20,0,0,0.0,0.0
28883,18,0.5347,0.3074,0.5342,0.0601,0.2928663194179535,0.49344393610954285,0.21368977427482605,45,45,0,0,0.0,0.0
10555,26,0.2211,0.3854,0.607,0.1534,0.5033888220787048,0.2823636829853058,0.21424749493598938,96,41,0,0,0.0,0.0
30077,188,0.0904,0.2099,0.9844,0.783,0.6505749821662903,0.24915608763694763,0.1002688929438591,86,45,0,0,0.0,0.0
220,24,0.3166,0.5827,0.5552,0.0821,0.4142760634422302,0.32417240738868713,0.2615515887737274,47,8,0,1,0.0,0.31546487678572877
17600,67,0.0539,0.2438,0.7522,0.4278,0.6428118944168091,0.21081165969371796,0.1463763564825058,97,94,0,0,0.0,0.0
33017,67,0.0953,0.2337,0.7689,0.4603,0.6193265318870544,0.2362252026796341,0.14444829523563385,96,19,0,0,0.0,0.0
11920,27,0.1375,0.5106,0.5912,0.1293,0.542051374912262,0.2265065461397171,0.2314421385526657,30,19,0,0,0.0,0.0
33476,28,0.1954,0.4204,0.6349,0.2005,0.5218543410301208,0.2691345512866974,0.20901112258434296,5,17,1,0,0.38685280723454163,0.0
6986,119,0.071,0.2745,0.9012,0.6829,0.6479697227478027,0.23337973654270172,0.11865058541297913,47,61,0,0,0.0,0.0
41063,481,0.0159,0.2493,1.0,0.9076,0.6885446310043335,0.2162279337644577,0.09522753208875656,80,33,0,0,0.0,0.0
19859,19,0.2699,0.5025,0.545,0.0709,0.44888362288475037,0.29871702194213867,0.25239938497543335,46,11,0,0,0.0,0.0
40042,52,0.1593,0.3858,0.7338,0.3916,0.5618537068367004,0.26460933685302734,0.17353695631027222,84,10,0,1,0.0,0.2890648263178879
13217,50,0.1817,0.2715,0.7414,0.4066,0.5560489892959595,0.28406110405921936,0.15988987684249878,42,5,0,1,0.0,0.38685280723454163
24841,32,0.264,0.4213,0.6593,0.2451,0.47947758436203003,0.3166700005531311,0.20385240018367767,2,2,1,1,0.6309297535714575,0.6309297535714575
10780,23,0.3482,0.369,0.5993,0.1413,0.4184782803058624,0.36584436893463135,0.2156774401664734,33,49,0,0,0.0,0.0
35449,24,0.1537,0.2873,0.607,0.1534,0.5559566020965576,0.24631796777248383,0.19772540032863617,10,4,1,1,0.2890648263178879,0.43067655807339306
34958,19,0.1145,0.5608,0.5649,0.0936,0.5447759628295898,0.209958016872406,0.24526607990264893,12,15,0,0,0.0,0.0
63,405,0.0792,0.2152,1.0,0.8866,0.6514664888381958,0.252126008272171,0.09640759974718094,59,4,0,1,0.0,0.43067655807339306
39361,23,0.2214,0.6422,0.5993,0.1413,0.4782153069972992,0.26822978258132935,0.2535548210144043,47,79,0,0,0.0,0.0
21563,241,0.0802,0.255,1.0,0.8251,0.6547490358352661,0.24507273733615875,0.10017824172973633,82,18,0,0,0.0,0.0
32284,67,0.1978,0.2679,0.79,0.5004,0.549728274345398,0.30232635140419006,0.147945374250412,24,16,0,0,0.0,0.0
1182,22,0.2478,0.4016,0.5552,0.0821,0.47445428371429443,0.2918115556240082,0.233734130859375,32,22,0,0,0.0,0.0
7340,18,0.3518,0.3979,0.5552,0.0821,0.4066356122493744,0.35991233587265015,0.23345200717449188,8,15,1,0,0.31546487678572877,0.0
24085,168,0.0612,0.1897,0.9448,0.7393,0.665095865726471,0.23123030364513397,0.10367387533187866,21,22,0,0,0.0,0.0
20430,121,0.2306,0.2644,0.8443,0.5962,0.5315654873847961,0.3325364589691162,0.13589811325073242,21,9,0,1,0.0,0.3010299956639812
15948,31,0.1581,0.3301,0.6535,0.2342,0.556867241859436,0.2533925473690033,0.18974022567272186,85,24,0,0,0.0,0.0
3716,165,0.08,0.2228,0.957,0.7535,0.6527785658836365,0.24208307266235352,0.10513833910226822,39,76,0,0,0.0,0.0
16052,18,0.3731,0.2642,0.5552,0.0821,0.40221673250198364,0.3835553824901581,0.2142278403043747,30,14,0,0,0.0,0.0
37329,518,0.0328,0.184,1.0,0.8931,0.6826315522193909,0.22546352446079254,0.0919049009680748,84,74,0,0,0.0,0.0
5142,59,0.184,0.3923,0.7377,0.3992,0.5452075600624084,0.28035861253738403,0.1744338572025299,57,27,0,0,0.0,0.0
5706,49,0.1666,0.3134,0.7338,0.3916,0.5624807476997375,0.27176013588905334,0.1657591462135315,78,90,0,0,0.0,0.0
32134,108,0.0751,0.1744,0.8793,0.6514,0.6486040949821472,0.23665788769721985,0.11473803222179413,57,14,0,0,0.0,0.0
4514,55,0.1205,0.3487,0.759,0.4412,0.5933112502098083,0.24629554152488708,0.16039317846298218,37,21,0,0,0.0,0.0
35068,47,0.1959,0.3608,0.73,0.3839,0.5386461019515991,0.2878938317298889,0.17346012592315674,22,32,0,0,0.0,0.0
8296,145,0.0346,0.2629,0.9384,0.7316,0.6767866015434265,0.21448484063148499,0.10872862488031387,29,44,0,0,0.0,0.0
8502,28,0.4145,0.2987,0.5993,0.1413,0.3786873519420624,0.4175247848033905,0.2037879228591919,45,85,0,0,0.0,0.0
31477,41,0.3208,0.2073,0.7002,0.3247,0.4586428105831146,0.3751308023929596,0.16622640192508698,15,71,0,0,0.0,0.0
36151,59,0.1218,0.3847,0.772,0.4664,0.5912554860115051,0.24772796034812927,0.1610165685415268,9,28,1,0,0.3010299956639812,0.0
11027,74,0.3149,0.333,0.6593,0.2451,0.45109501481056213,0.3560214638710022,0.19288361072540283,17,8,0,1,0.0,0.31546487678572877
17709,34,0.288,0.3534,0.6649,0.2557,0.4688398241996765,0.3374118208885193,0.1937483549118042,61,4,0,1,0.0,0.43067655807339306
34785,19,0.2704,0.5193,0.5552,0.0821,0.4493139088153839,0.2990960478782654,0.2515900135040283,94,4,0,1,0.0,0.43067655807339306
39929,337,0.0326,0.1915,1.0,0.8736,0.6841731667518616,0.2231878936290741,0.09263898432254791,3,5,1,1,0.5,0.38685280723454163
28096,26,0.1229,0.6353,0.5829,0.1173,0.5360997319221497,0.21274051070213318,0.25115975737571716,1,2,1,1,1.0,0.6309297535714575
14155,29,0.2832,0.3255,0.6283,0.1889,0.46978452801704407,0.328887939453125,0.20132753252983093,5,15,1,0,0.38685280723454163,0.0
35439,58,0.0639,0.3189,0.7656,0.4541,0.6325213313102722,0.2159154713153839,0.15156324207782745,6,16,1,0,0.3562071871080222,0.0
13374,26,0.1348,0.5064,0.6215,0.1771,0.5503253936767578,0.2288147509098053,0.22085991501808167,4,10,1,1,0.43067655807339306,0.2890648263178879
20748,122,0.0354,0.2718,0.898,0.6785,0.6701662540435791,0.21308022737503052,0.116753488779068,63,65,0,0,0.0,0.0
26501,95,0.0445,0.1967,0.8567,0.6164,0.6640083193778992,0.21703697741031647,0.11895481497049332,50,32,0,0,0.0,0.0
24798,69,0.0753,0.2318,0.7871,0.495,0.6342829465866089,0.2269905060529709,0.13872645795345306,77,31,0,0,0.0,0.0
29120,42,0.1069,0.3323,0.7048,0.3337,0.5967448949813843,0.2312646359205246,0.17199040949344635,65,76,0,0,0.0,0.0
34109,53,0.1558,0.3055,0.7451,0.4138,0.5715760588645935,0.26705124974250793,0.16137269139289856,100,95,0,0,0.0,0.0
29947,122,0.1009,0.2916,0.8355,0.5815,0.619145393371582,0.2455580085515976,0.13529656827449799,68,43,0,0,0.0,0.0
7931,136,0.0653,0.431,0.8309,0.5738,0.6315762400627136,0.22093570232391357,0.14748811721801758,11,33,0,0,0.0,0.0
16521,128,0.0562,0.0913,0.9104,0.6957,0.6692391037940979,0.22894559800624847,0.10181529819965363,54,28,0,0,0.0,0.0
14986,26,0.1811,0.4266,0.6215,0.1771,0.5283992290496826,0.25834739208221436,0.21325339376926422,16,10,0,1,0.0,0.2890648263178879
4163,28,0.2643,0.4261,0.6349,0.2005,0.47561827301979065,0.3121827244758606,0.21219901740550995,70,78,0,0,0.0,0.0
22472,107,0.0846,0.2039,0.8684,0.6347,0.6393523812294006,0.2408558875322342,0.11979173868894577,51,25,0,0,0.0,0.0
1279,169,0.0974,0.3352,0.9639,0.7613,0.6359503269195557,0.2504410445690155,0.11360863596200943,26,14,0,0,0.0,0.0
38687,58,0.1015,0.223,0.7178,0.3596,0.6104478240013123,0.23334215581417084,0.15621007978916168,28,41,0,0,0.0,0.0
36456,30,0.1878,0.4076,0.6349,0.2005,0.5279462933540344,0.2651292681694031,0.2069244235754013,94,66,0,0,0.0,0.0
15339,32,0.1096,0.3644,0.6535,0.2342,0.5849236845970154,0.22460521757602692,0.1904710829257965,19,28,0,0,0.0,0.0
38712,629,0.0355,0.1654,1.0,0.8855,0.6825529336929321,0.2265426218509674,0.09090445935726166,80,60,0,0,0.0,0.0
14668,162,0.0774,0.2971,0.9534,0.7494,0.6497669219970703,0.23888368904590607,0.11134937405586243,46,42,0,0,0.0,0.0
461,161,0.0753,0.2059,0.9546,0.7508,0.6564368009567261,0.23953977227210999,0.10402335226535797,25,13,0,0,0.0,0.0
4626,143,0.1123,0.2613,0.8963,0.6762,0.6208797097206116,0.25837457180023193,0.12074567377567291,30,19,0,0,0.0,0.0
41414,33,0.1061,0.3614,0.6649,0.2557,0.5891567468643188,0.2243226319551468,0.1865205317735672,38,37,0,0,0.0,0.0
3786,20,0.4468,0.5262,0.5649,0.0936,0.3385172486305237,0.41744717955589294,0.24403557181358337,80,98,0,0,0.0,0.0
15273,54,0.0522,0.2917,0.7377,0.3992,0.6383879780769348,0.20696492493152618,0.15464703738689423,1,1,1,1,1.0,1.0
4400,35,0.2903,0.4855,0.6413,0.2119,0.45432978868484497,0.3271819055080414,0.21848829090595245,12,6,0,1,0.0,0.3562071871080222
1957,233,0.0622,0.2615,1.0,0.8143,0.6671648621559143,0.23295846581459045,0.09987667948007584,68,89,0,0,0.0,0.0
21968,52,0.1086,0.2991,0.7414,0.4066,0.6027830839157104,0.23842154443264008,0.15879535675048828,33,7,0,1,0.0,0.3333333333333333
4619,338,0.0315,0.1942,1.0,0.87,0.6850569248199463,0.22213715314865112,0.09280596673488617,11,62,0,0,0.0,0.0
33878,53,0.0655,0.3306,0.7522,0.4278,0.6289654970169067,0.214817613363266,0.15621688961982727,18,19,0,0,0.0,0.0
15866,30,0.0909,0.2834,0.6413,0.2119,0.6017886996269226,0.2156592160463333,0.18255206942558289,66,17,0,0,0.0,0.0
18533,102,0.0616,0.276,0.8721,0.6405,0.6500906348228455,0.22607681155204773,0.12383262068033218,3,13,1,0,0.5,0.0
32091,514,0.0462,0.1969,1.0,0.9144,0.6714162230491638,0.23539672791957855,0.09318700432777405,56,47,0,0,0.0,0.0
14299,48,0.1167,0.2865,0.6283,0.1889,0.5832657217979431,0.2279977649450302,0.18873651325702667,51,8,0,1,0.0,0.31546487678572877
35433,19,0.3047,0.5138,0.5342,0.0601,0.4232237935066223,0.3188096284866333,0.2579665780067444,17,2,0,1,0.0,0.6309297535714575
8777,50,0.1352,0.2212,0.7377,0.3992,0.5907360911369324,0.25607550144195557,0.15318837761878967,38,16,0,0,0.0,0.0
37566,18,0.1144,0.4376,0.5552,0.0821,0.5553456544876099,0.21414080262184143,0.2305135726928711,65,17,0,0,0.0,0.0
37863,135,0.0929,0.2397,0.9207,0.7093,0.638308584690094,0.24827447533607483,0.11341693997383118,94,76,0,0,0.0,0.0
31274,19,0.3258,0.539,0.5552,0.0821,0.41216087341308594,0.33307135105133057,0.25476786494255066,21,55,0,0,0.0,0.0
16211,18,0.1943,0.5248,0.5552,0.0821,0.4970771372318268,0.25351884961128235,0.24940402805805206,16,2,0,1,0.0,0.6309297535714575
31295,589,0.0191,0.1945,1.0,0.9238,0.6879081726074219,0.22059500217437744,0.09149684011936188,3,33,1,0,0.5,0.0
27073,95,0.0459,0.314,0.8215,0.5574,0.6509661078453064,0.21227671205997467,0.13675713539123535,31,27,0,0,0.0,0.0
12683,61,0.0672,0.3927,0.7556,0.4346,0.6233874559402466,0.21447458863258362,0.16213789582252502,38,5,0,1,0.0,0.38685280723454163
6236,46,0.2402,0.3889,0.5741,0.1054,0.4844436049461365,0.28980377316474915,0.22575266659259796,34,17,0,0,0.0,0.0
6399,362,0.0357,0.2348,1.0,0.8809,0.6793245077133179,0.225007101893425,0.09566838294267654,47,84,0,0,0.0,0.0
28641,143,0.0408,0.2509,0.9331,0.7251,0.6728911995887756,0.2180025279521942,0.10910629481077194,34,2,0,1,0.0,0.6309297535714575
23547,82,0.1132,0.2815,0.8286,0.5698,0.6108761429786682,0.25255709886550903,0.13656671345233917,47,43,0,0,0.0,0.0
28110,51,0.0677,0.3007,0.7451,0.4138,0.6290582418441772,0.21592192351818085,0.15501978993415833,94,6,0,1,0.0,0.3562071871080222
27368,54,0.0918,0.2968,0.7178,0.3596,0.6108645796775818,0.22570712864398956,0.16342829167842865,51,33,0,0,0.0,0.0
30913,27,0.3089,0.5132,0.6283,0.1889,0.4379178583621979,0.3354337215423584,0.2266484797000885,77,58,0,0,0.0,0.0
3417,53,0.1178,0.2675,0.7451,0.4138,0.5996155142784119,0.24526312947273254,0.1551213264465332,42,24,0,0,0.0,0.0
6470,65,0.1435,0.3721,0.7522,0.4278,0.5755809545516968,0.2582925856113434,0.16612640023231506,19,15,0,0,0.0,0.0
3897,156,0.0685,0.2452,0.9358,0.7284,0.656022846698761,0.2341328114271164,0.10984436422586441,16,25,0,0,0.0,0.0
26758,53,0.2582,0.2762,0.7414,0.4066,0.5021530985832214,0.3352873921394348,0.16255949437618256,45,79,0,0,0.0,0.0
22534,30,0.2255,0.5106,0.6475,0.2231,0.4962064325809479,0.2853296101093292,0.2184639573097229,88,60,0,0,0.0,0.0
7207,19,0.1111,0.4542,0.5342,0.0601,0.5502901673316956,0.21051117777824402,0.2391987442970276,10,4,1,1,0.2890648263178879,0.43067655807339306
16559,209,0.0182,0.1856,1.0,0.8012,0.6998481154441833,0.20785202085971832,0.09229984134435654,87,64,0,0,0.0,0.0
12759,60,0.1806,0.3152,0.772,0.4664,0.556767463684082,0.28658372163772583,0.15664884448051453,29,2,0,1,0.0,0.6309297535714575
12679,22,0.1855,0.5487,0.5912,0.1293,0.5082942843437195,0.2512563169002533,0.24044936895370483,70,39,0,0,0.0,0.0
35268,130,0.0518,0.2461,0.9074,0.6915,0.6627712249755859,0.22324122488498688,0.1139875203371048,75,16,0,0,0.0,0.0
29767,168,0.1156,0.1671,0.9043,0.6873,0.6250983476638794,0.2632204592227936,0.11168115586042404,24,3,0,1,0.0,0.5
9321,119,0.0332,0.2562,0.8996,0.6807,0.6727120876312256,0.21225756406784058,0.11503040790557861,6,18,1,0,0.3562071871080222,0.0
12260,19,0.298,0.4607,0.5552,0.0821,0.4366683065891266,0.3201587200164795,0.24317294359207153,2,2,1,1,0.6309297535714575,0.6309297535714575
18534,115,0.141,0.2761,0.8506,0.6065,0.5949671864509583,0.27231764793395996,0.1327151656150818,1,2,1,1,1.0,0.6309297535714575
30606,125,0.0472,0.2867,0.9104,0.6957,0.6635777354240417,0.21996952593326569,0.11645268648862839,65,43,0,0,0.0,0.0
16607,20,0.1319,0.5701,0.5649,0.0936,0.5332838892936707,0.2184346616268158,0.24828144907951355,37,44,0,0,0.0,0.0
4937,435,0.0211,0.1946,1.0,0.8979,0.6890062093734741,0.21906821429729462,0.09192556887865067,57,73,0,0,0.0,0.0
29441,34,0.0918,0.376,0.6704,0.2662,0.5976301431655884,0.21685197949409485,0.1855178326368332,22,46,0,0,0.0,0.0
36180,28,0.2008,0.3729,0.6215,0.1771,0.5202823877334595,0.27253708243370056,0.20718055963516235,64,35,0,0,0.0,0.0
6445,164,0.0734,0.1727,0.9134,0.6997,0.6540032625198364,0.2376158982515335,0.10838084667921066,70,30,0,0,0.0,0.0
3116,281,0.0899,0.1831,1.0,0.8501,0.6495002508163452,0.25530433654785156,0.095195472240448,87,71,0,0,0.0,0.0
35507,19,0.2531,0.4831,0.5649,0.0936,0.46579331159591675,0.2915976643562317,0.24260897934436798,11,4,0,1,0.0,0.43067655807339306
897,23,0.1844,0.3904,0.5993,0.1413,0.5255300998687744,0.2589643597602844,0.21550551056861877,10,22,1,0,0.2890648263178879,0.0
6170,27,0.4655,0.3669,0.6283,0.1889,0.34394922852516174,0.45576944947242737,0.20028133690357208,62,75,0,0,0.0,0.0
15761,124,0.03,0.4389,0.9074,0.6915,0.6638789772987366,0.2071872055530548,0.12893375754356384,17,80,0,0,0.0,0.0
11083,242,0.0866,0.2427,0.8702,0.6376,0.635847806930542,0.2412906438112259,0.12286156415939331,28,27,0,0,0.0,0.0
27030,269,0.0385,0.198,1.0,0.8416,0.6830565333366394,0.2231469750404358,0.09379641711711884,83,9,0,1,0.0,0.3010299956639812
32103,28,0.1826,0.4465,0.607,0.1534,0.5229950547218323,0.25637853145599365,0.22062644362449646,14,9,0,1,0.0,0.3010299956639812
31854,69,0.3725,0.3823,0.6757,0.2765,0.40951985120773315,0.39766833186149597,0.1928117573261261,14,28,0,0,0.0,0.0
14268,247,0.0666,0.2716,1.0,0.8303,0.6622809171676636,0.2371073067188263,0.10061172395944595,89,88,0,0,0.0,0.0
26651,18,0.1824,0.5696,0.545,0.0709,0.49745479226112366,0.24371211230754852,0.2588331699371338,98,63,0,0,0.0,0.0
3768,501,0.0339,0.1998,1.0,0.9126,0.6793326735496521,0.22789019346237183,0.09277710318565369,22,31,0,0,0.0,0.0
10981,293,0.1059,0.2148,1.0,0.8316,0.6389315724372864,0.26268360018730164,0.098384790122509,82,48,0,0,0.0,0.0
25150,32,0.1546,0.4243,0.6593,0.2451,0.5518687963485718,0.24853242933750153,0.1995987892150879,82,89,0,0,0.0,0.0
143,70,0.1081,0.2515,0.8011,0.5209,0.6132204532623291,0.24721971154212952,0.13955983519554138,57,52,0,0,0.0,0.0
25929,66,0.0832,0.3772,0.7689,0.4603,0.616329550743103,0.22533424198627472,0.15833622217178345,8,8,1,1,0.31546487678572877,0.31546487678572877
17714,38,0.13,0.313,0.6859,0.2963,0.5810287594795227,0.24235492944717407,0.17661625146865845,74,81,0,0,0.0,0.0
30161,107,0.098,0.2555,0.7414,0.4066,0.612924337387085,0.2336033284664154,0.15347236394882202,4,19,1,0,0.43067655807339306,0.0
18988,36,0.0823,0.4829,0.6757,0.2765,0.594580888748169,0.20909520983695984,0.19632388651371002,31,24,0,0,0.0,0.0
28084,177,0.0503,0.1862,0.9728,0.771,0.6761658787727356,0.22551606595516205,0.09831802546977997,19,2,0,1,0.0,0.6309297535714575
36589,20,0.1317,0.4408,0.5741,0.1054,0.5488467812538147,0.22458906471729279,0.2265641838312149,84,95,0,0,0.0,0.0
32182,21,0.4359,0.6308,0.4522,0.0111,0.3143872916698456,0.3886653482913971,0.29694730043411255,3,11,1,0,0.5,0.0
10291,516,0.0263,0.2037,1.0,0.8753,0.6873458623886108,0.21955671906471252,0.09309743344783783,56,81,0,0,0.0,0.0
12651,36,0.0706,0.5244,0.6757,0.2765,0.5977447032928467,0.20177370309829712,0.20048165321350098,44,7,0,1,0.0,0.3333333333333333
19752,70,0.0783,0.3085,0.8038,0.5258,0.6288561224937439,0.22859126329421997,0.1425526738166809,8,15,1,0,0.31546487678572877,0.0
14515,84,0.0481,0.2939,0.8355,0.5815,0.6527659893035889,0.2152094542980194,0.13202452659606934,6,16,1,0,0.3562071871080222,0.0
3758,160,0.0768,0.2032,0.9546,0.7508,0.6556041240692139,0.2404952198266983,0.10390075296163559,61,58,0,0,0.0,0.0
38043,133,0.0494,0.1839,0.9193,0.7074,0.6695173382759094,0.2236315906047821,0.10685107111930847,55,60,0,0,0.0,0.0
35649,131,0.0285,0.2808,0.9164,0.7036,0.6763701438903809,0.20999285578727722,0.1136370375752449,24,8,0,1,0.0,0.31546487678572877
3913,727,0.0465,0.1922,1.0,0.9382,0.669188916683197,0.23824019730091095,0.0925709530711174,53,67,0,0,0.0,0.0
20883,40,0.1763,0.2621,0.7002,0.3247,0.5561339855194092,0.2743109166622162,0.16955514252185822,5,31,1,0,0.38685280723454163,0.0
3639,57,0.2032,0.4588,0.7624,0.4477,0.5298555493354797,0.29413750767707825,0.1760069578886032,5,6,1,1,0.38685280723454163,0.3562071871080222
3084,30,0.4474,0.4769,0.6215,0.1771,0.3486531674861908,0.4329319894313812,0.21841491758823395,61,40,0,0,0.0,0.0
38396,258,0.0545,0.2235,1.0,0.8359,0.6720977425575256,0.2314205765724182,0.09648163616657257,30,65,0,0,0.0,0.0
31566,18,0.2269,0.3749,0.5342,0.0601,0.48565590381622314,0.27863240242004395,0.23571166396141052,85,17,0,0,0.0,0.0
33142,77,0.1617,0.228,0.8116,0.5399,0.5796043872833252,0.2827318012714386,0.1376638412475586,2,2,1,1,0.6309297535714575,0.6309297535714575
34984,132,0.0664,0.2505,0.9178,0.7055,0.6545958518981934,0.23206579685211182,0.11333827674388885,47,30,0,0,0.0,0.0
10494,103,0.0739,0.2318,0.8665,0.6318,0.6443381309509277,0.23376040160655975,0.12190143018960953,15,32,0,0,0.0,0.0
3625,210,0.0933,0.106,0.9991,0.7976,0.655971884727478,0.2530256509780884,0.09100249409675598,64,15,0,0,0.0,0.0
33483,58,0.0999,0.4269,0.7689,0.4603,0.6017873883247375,0.23326081037521362,0.16495178639888763,8,74,1,0,0.31546487678572877,0.0
5223,30,0.3506,0.372,0.6475,0.2231,0.42259669303894043,0.3765012323856354,0.20090201497077942,7,17,1,0,0.3333333333333333,0.0
12400,503,0.043,0.1699,1.0,0.9072,0.6755051612854004,0.23318305611610413,0.09131176769733429,61,53,0,0,0.0,0.0
4469,37,0.1707,0.2169,0.6859,0.2963,0.5617443323135376,0.27018308639526367,0.16807256639003754,38,88,0,0,0.0,0.0
39145,27,0.1457,0.4131,0.6283,0.1889,0.5535094141960144,0.23948045074939728,0.2070101499557495,6,2,1,1,0.3562071871080222,0.6309297535714575
4441,50,0.0307,0.3271,0.7377,0.3992,0.648510754108429,0.19500623643398285,0.15648303925991058,74,14,0,0,0.0,0.0
15670,391,0.0297,0.1787,1.0,0.8539,0.6884357333183289,0.2196982204914093,0.09186599403619766,75,86,0,0,0.0,0.0
26817,52,0.3824,0.2498,0.7377,0.3992,0.41422340273857117,0.4265410006046295,0.15923553705215454,89,84,0,0,0.0,0.0
7865,36,0.1886,0.3968,0.6704,0.2662,0.53357994556427,0.2716873586177826,0.19473272562026978,99,96,0,0,0.0,0.0
37465,28,0.1262,0.3333,0.6349,0.2005,0.574210524559021,0.23243698477745056,0.19335250556468964,19,79,0,0,0.0,0.0
16408,92,0.1685,0.3901,0.8355,0.5815,0.5668464303016663,0.2848268449306488,0.14832672476768494,86,30,0,0,0.0,0.0
38018,340,0.0685,0.2356,1.0,0.8743,0.6587303280830383,0.24376074969768524,0.09750885516405106,29,25,0,0,0.0,0.0
39101,49,0.0781,0.3917,0.7377,0.3992,0.614333987236023,0.21806466579437256,0.16760125756263733,47,80,0,0,0.0,0.0
2495,81,0.154,0.4552,0.7002,0.3247,0.5554568767547607,0.25340625643730164,0.19113689661026,30,41,0,0,0.0,0.0
40689,18,0.2301,0.4633,0.5342,0.0601,0.4753742516040802,0.27580535411834717,0.24882040917873383,4,17,1,0,0.43067655807339306,0.0
5394,20,0.3068,0.5612,0.5741,0.1054,0.4261980354785919,0.32188910245895386,0.25191283226013184,89,89,0,0,0.0,0.0
27864,298,0.0159,0.1775,1.0,0.8475,0.6975951790809631,0.2113111913204193,0.09109362959861755,32,66,0,0,0.0,0.0
38359,19,0.3224,0.4067,0.5649,0.0936,0.42707520723342896,0.3407479524612427,0.2321767956018448,93,33,0,0,0.0,0.0
37206,18,0.5306,0.4286,0.545,0.0709,0.29062023758888245,0.48164165019989014,0.2277381420135498,2,5,1,1,0.6309297535714575,0.38685280723454163
34442,38,0.1863,0.3325,0.6649,0.2557,0.5396547317504883,0.27205997705459595,0.18828533589839935,71,79,0,0,0.0,0.0
21073,540,0.0522,0.2443,1.0,0.9182,0.6647548079490662,0.2385505586862564,0.09669457376003265,1,1,1,1,1.0,1.0
17416,41,0.0683,0.2563,0.6859,0.2963,0.6246435642242432,0.20994259417057037,0.1654137820005417,70,12,0,0,0.0,0.0
13611,41,0.1545,0.2903,0.7048,0.3337,0.5691145658493042,0.26053959131240845,0.17034587264060974,41,26,0,0,0.0,0.0
20922,29,0.2857,0.4,0.6349,0.2005,0.4632608890533447,0.3277212381362915,0.2090177983045578,10,42,1,0,0.2890648263178879,0.0
15900,133,0.0713,0.2357,0.9164,0.7036,0.6521266102790833,0.23518483340740204,0.11268854886293411,32,10,0,1,0.0,0.2890648263178879
17733,23,0.1029,0.4108,0.5912,0.1293,0.5732361078262329,0.2122172862291336,0.2145465463399887,86,80,0,0,0.0,0.0
26290,126,0.0487,0.2474,0.9104,0.6957,0.6650357246398926,0.22161325812339783,0.11335106194019318,71,39,0,0,0.0,0.0
8684,57,0.0959,0.3294,0.7656,0.4541,0.6114965081214905,0.2334766834974289,0.15502683818340302,48,2,0,1,0.0,0.6309297535714575
19975,152,0.0604,0.2617,0.9436,0.7378,0.6613790392875671,0.22930891811847687,0.10931199789047241,27,35,0,0,0.0,0.0
30306,75,0.039,0.2691,0.8166,0.5488,0.6577732563018799,0.20911896228790283,0.13310778141021729,2,9,1,1,0.6309297535714575,0.3010299956639812
21050,37,0.2214,0.3618,0.6757,0.2765,0.5150753259658813,0.2947407364845276,0.19018401205539703,17,23,0,0,0.0,0.0
4710,47,0.2322,0.2852,0.7219,0.3679,0.518191397190094,0.31350257992744446,0.16830597817897797,5,33,1,0,0.38685280723454163,0.0
583,68,0.0459,0.3616,0.7984,0.5159,0.6445329189300537,0.20883385837078094,0.14663328230381012,1,1,1,1,1.0,1.0
30358,161,0.0311,0.2695,0.9546,0.7508,0.6808977127075195,0.21285371482372284,0.10624854266643524,8,6,1,1,0.31546487678572877,0.3562071871080222
40818,218,0.0228,0.2087,1.0,0.8088,0.6951825022697449,0.21077629923820496,0.09404122829437256,58,35,0,0,0.0,0.0
37052,20,0.3426,0.4735,0.5649,0.0936,0.40858954191207886,0.3498813509941101,0.24152915179729462,72,30,0,0,0.0,0.0
6574,53,0.0781,0.3659,0.7486,0.4209,0.6178395748138428,0.2202540785074234,0.16190631687641144,86,68,0,0,0.0,0.0
4765,676,0.0251,0.169,1.0,0.9336,0.6845042705535889,0.22548368573188782,0.0900120884180069,5,8,1,1,0.38685280723454163,0.31546487678572877
35351,342,0.0524,0.2117,1.0,0.8303,0.6745750308036804,0.22979922592639923,0.09562574326992035,22,35,0,0,0.0,0.0
14232,166,0.0471,0.2147,0.9616,0.7588,0.6750327944755554,0.22299610078334808,0.10197117924690247,25,42,0,0,0.0,0.0
33344,75,0.0985,0.2482,0.8141,0.5444,0.62117999792099,0.2430516481399536,0.1357683390378952,17,41,0,0,0.0,0.0
8789,28,0.2855,0.3412,0.6283,0.1889,0.46702563762664795,0.32959914207458496,0.20337530970573425,47,2,0,1,0.0,0.6309297535714575
23194,313,0.0555,0.1924,0.9605,0.7575,0.6707769632339478,0.2282244712114334,0.10099851340055466,72,34,0,0,0.0,0.0
4497,237,0.0584,0.266,0.9728,0.771,0.6666676998138428,0.22874200344085693,0.1045902892947197,11,11,0,0,0.0,0.0
16287,82,0.0645,0.3157,0.8166,0.5488,0.6386364102363586,0.22198909521102905,0.13937446475028992,88,78,0,0,0.0,0.0
24523,161,0.0806,0.243,0.9522,0.748,0.6505815386772156,0.24190610647201538,0.10751233994960785,25,6,0,1,0.0,0.3562071871080222
18960,51,0.1114,0.3079,0.7414,0.4066,0.6002960801124573,0.23977620899677277,0.15992774069309235,57,83,0,0,0.0,0.0
10514,41,0.1348,0.339,0.7002,0.3247,0.5776268243789673,0.24639378488063812,0.1759794056415558,24,24,0,0,0.0,0.0
29123,98,0.063,0.1865,0.8547,0.6132,0.6527581214904785,0.22755903005599976,0.11968288570642471,28,74,0,0,0.0,0.0
35723,39,0.1169,0.4434,0.6956,0.3154,0.5797097086906433,0.23182445764541626,0.18846578896045685,60,26,0,0,0.0,0.0
20139,72,0.0714,0.2677,0.809,0.5353,0.6367396712303162,0.22628241777420044,0.1369779407978058,55,82,0,0,0.0,0.0
40202,29,0.2203,0.4869,0.5228,0.0498,0.4764665961265564,0.26790452003479004,0.2556288540363312,4,2,1,1,0.43067655807339306,0.6309297535714575
34880,95,0.038,0.2011,0.8567,0.6164,0.667761504650116,0.21335430443286896,0.11888422816991806,9,51,1,0,0.3010299956639812,0.0
488,23,0.3018,0.7175,0.5741,0.1054,0.41546404361724854,0.3083387613296509,0.2761971950531006,90,75,0,0,0.0,0.0
36487,112,0.1039,0.2283,0.8776,0.6488,0.6262022852897644,0.2526654899120331,0.12113218754529953,21,11,0,0,0.0,0.0
19916,141,0.1059,0.3395,0.8684,0.6347,0.6167171001434326,0.25031083822250366,0.1329721063375473,59,5,0,1,0.0,0.38685280723454163
6816,27,0.0848,0.5081,0.6283,0.1889,0.5821055173873901,0.20350582897663116,0.2143886834383011,55,8,0,1,0.0,0.31546487678572877
8914,134,0.0847,0.2645,0.9164,0.7036,0.6416922807693481,0.24253399670124054,0.1157737448811531,1,1,1,1,1.0,1.0
7579,130,0.0453,0.3102,0.9119,0.6977,0.6635145545005798,0.21849077939987183,0.11799469590187073,83,14,0,0,0.0,0.0
7034,19,0.2807,0.6542,0.5649,0.0936,0.43252310156822205,0.2982311248779297,0.26924580335617065,26,19,0,0,0.0,0.0
10330,369,0.0367,0.1812,1.0,0.8692,0.6825108528137207,0.22526812553405762,0.0922209620475769,38,19,0,0,0.0,0.0
18121,177,0.0387,0.2093,0.9739,0.7721,0.6823814511299133,0.2184859663248062,0.09913254529237747,87,48,0,0,0.0,0.0
18750,22,0.2729,0.8456,0.5829,0.1173,0.42282798886299133,0.28364357352256775,0.29352840781211853,49,74,0,0,0.0,0.0
39814,109,0.1486,0.2816,0.8377,0.5853,0.5879404544830322,0.27569320797920227,0.13636630773544312,84,35,0,0,0.0,0.0
14079,88,0.1419,0.2789,0.8443,0.5962,0.5934572815895081,0.27217307686805725,0.1343695968389511,46,48,0,0,0.0,0.0
22763,24,0.1652,0.3937,0.5993,0.1413,0.5375690460205078,0.2476806491613388,0.21475034952163696,84,91,0,0,0.0,0.0
13564,149,0.0209,0.2497,0.9397,0.7332,0.6861421465873718,0.20725248754024506,0.10660535842180252,16,11,0,0,0.0,0.0
17654,38,0.1972,0.3714,0.6908,0.306,0.532505214214325,0.2815459668636322,0.18594887852668762,34,44,0,0,0.0,0.0
33305,75,0.1363,0.2556,0.79,0.5004,0.5929591059684753,0.26294857263565063,0.1440923660993576,69,80,0,0,0.0,0.0
32283,19,0.307,0.461,0.5552,0.0821,0.43080517649650574,0.325967937707901,0.24322694540023804,87,45,0,0,0.0,0.0
16718,23,0.2668,0.4298,0.5993,0.1413,0.4680820107460022,0.30776193737983704,0.22415605187416077,7,4,1,1,0.3333333333333333,0.43067655807339306
3129,123,0.1303,0.2566,0.8064,0.5306,0.5986508131027222,0.2612587809562683,0.14009033143520355,34,26,0,0,0.0,0.0
6109,70,0.2345,0.2341,0.8011,0.5209,0.5266561508178711,0.33046501874923706,0.14287883043289185,43,66,0,0,0.0,0.0
18432,19,0.5921,0.5241,0.5552,0.0821,0.2523292899131775,0.5178719162940979,0.22979874908924103,24,30,0,0,0.0,0.0
2742,52,0.1753,0.251,0.7486,0.4209,0.5625846982002258,0.2818273603916168,0.15558788180351257,42,16,0,0,0.0,0.0
265,501,0.1207,0.2604,0.9193,0.7074,0.6182325482368469,0.26503387093544006,0.11673352122306824,11,6,0,1,0.0,0.3562071871080222
22156,41,0.4077,0.2617,0.7048,0.3337,0.3939690589904785,0.4375300705432892,0.16850097477436066,5,20,1,0,0.38685280723454163,0.0
8683,573,0.0215,0.2253,1.0,0.9228,0.6849300265312195,0.22135986387729645,0.09371007978916168,74,16,0,0,0.0,0.0
17515,335,0.0367,0.225,1.0,0.8576,0.6813347339630127,0.22332021594047546,0.09534507244825363,53,22,0,0,0.0,0.0
10785,18,0.3328,0.309,0.5552,0.0821,0.4259263873100281,0.3527323603630066,0.22134122252464294,38,30,0,0,0.0,0.0
29355,72,0.1482,0.4425,0.79,0.5004,0.5715623497962952,0.26423966884613037,0.16419793665409088,4,17,1,0,0.43067655807339306,0.0
36281,23,0.1941,0.3594,0.5993,0.1413,0.5220090746879578,0.26611220836639404,0.211878702044487,29,18,0,0,0.0,0.0
28418,84,0.0749,0.1505,0.8377,0.5853,0.6454584002494812,0.23384857177734375,0.12069295346736908,60,56,0,0,0.0,0.0
36916,507,0.0749,0.2146,1.0,0.9089,0.6521750688552856,0.2519790828227997,0.09584592282772064,3,7,1,1,0.5,0.3333333333333333
612,224,0.0505,0.1538,1.0,0.8158,0.680076003074646,0.22814413905143738,0.091779924929142,80,47,0,0,0.0,0.0
4930,81,0.0824,0.3093,0.8286,0.5698,0.6291484236717224,0.2335299402475357,0.13732168078422546,71,18,0,0,0.0,0.0
9923,53,0.156,0.1903,0.6956,0.3154,0.5746809244155884,0.26351702213287354,0.16180209815502167,67,88,0,0,0.0,0.0
35846,105,0.0799,0.2436,0.8793,0.6514,0.6412827372550964,0.23795071244239807,0.12076656520366669,18,44,0,0,0.0,0.0
2265,59,0.245,0.4524,0.6956,0.3154,0.4943264424800873,0.309512734413147,0.19616088271141052,52,57,0,0,0.0,0.0
24499,31,0.1808,0.2866,0.6349,0.2005,0.5428586006164551,0.2660200893878937,0.19112122058868408,10,15,1,0,0.2890648263178879,0.0
38278,80,0.0985,0.2751,0.8263,0.5657,0.6207607984542847,0.24362225830554962,0.13561700284481049,24,58,0,0,0.0,0.0
36340,89,0.1634,0.2473,0.8464,0.5997,0.5807823538780212,0.28729772567749023,0.13191993534564972,81,41,0,0,0.0,0.0
9846,18,0.1541,0.5539,0.5552,0.0821,0.519053041934967,0.22998154163360596,0.2509653866291046,76,16,0,0,0.0,0.0
28557,46,0.0925,0.4117,0.7048,0.3337,0.5991437435150146,0.22078171372413635,0.18007448315620422,95,87,0,0,0.0,0.0
8442,27,0.2249,0.4434,0.6283,0.1889,0.4994082450866699,0.28509342670440674,0.21549828350543976,9,11,1,0,0.3010299956639812,0.0
2624,65,0.1474,0.3506,0.7842,0.4895,0.5781893134117126,0.2660500109195709,0.15576063096523285,3,27,1,0,0.5,0.0
20476,55,0.1345,0.5085,0.7556,0.4346,0.5710780024528503,0.2486630529165268,0.18025903403759003,75,9,0,1,0.0,0.3010299956639812
24185,46,0.1909,0.4622,0.6956,0.3154,0.5299712419509888,0.27458906173706055,0.1954396665096283,26,59,0,0,0.0,0.0
2505,208,0.0374,0.3263,1.0,0.7994,0.68063884973526,0.215964674949646,0.10339648276567459,27,59,0,0,0.0,0.0
23768,129,0.0729,0.3351,0.9149,0.7016,0.6448580622673035,0.2338695079088211,0.12127240002155304,4,8,1,1,0.43067655807339306,0.31546487678572877
14044,297,0.076,0.1926,1.0,0.8558,0.6577504873275757,0.24711371958255768,0.09513573348522186,44,25,0,0,0.0,0.0
16599,20,0.2464,0.4654,0.545,0.0709,0.4673211872577667,0.28643161058425903,0.24624718725681305,8,26,1,0,0.31546487678572877,0.0
6756,70,0.1319,0.3023,0.7928,0.5057,0.5929713845252991,0.2591790556907654,0.14784954488277435,86,8,0,1,0.0,0.31546487678572877
23513,158,0.0539,0.2626,0.9235,0.7129,0.6626338958740234,0.22483251988887787,0.11253359168767929,75,53,0,0,0.0,0.0
36865,52,0.1744,0.2857,0.7451,0.4138,0.5604118704795837,0.27944767475128174,0.16014041006565094,68,12,0,0,0.0,0.0
40790,19,0.175,0.6182,0.5649,0.0936,0.5018962025642395,0.23905086517333984,0.25905290246009827,32,31,0,0,0.0,0.0
10269,1107,0.0331,0.157,1.0,0.9526,0.6782119870185852,0.23238903284072876,0.08939895033836365,25,25,0,0,0.0,0.0
15791,203,0.0258,0.2074,0.9981,0.7967,0.6940339207649231,0.211432084441185,0.0945340245962143,28,52,0,0,0.0,0.0
10844,58,0.1148,0.3222,0.7689,0.4603,0.6001894474029541,0.24509559571743011,0.1547149270772934,13,10,0,1,0.0,0.2890648263178879
11793,18,0.3015,0.4357,0.5552,0.0821,0.43650004267692566,0.3239798843860626,0.2395201325416565,20,37,0,0,0.0,0.0
27440,57,0.0764,0.2851,0.7624,0.4477,0.6268890500068665,0.22327686846256256,0.14983408153057098,41,78,0,0,0.0,0.0
1523,18,0.1433,0.4979,0.545,0.0709,0.5289378762245178,0.22599299252033234,0.24506905674934387,88,24,0,0,0.0,0.0
11969,50,0.1631,0.3354,0.7377,0.3992,0.5636282563209534,0.2693867087364197,0.16698497533798218,41,9,0,1,0.0,0.3010299956639812
22060,31,0.146,0.5167,0.6413,0.2119,0.5459461808204651,0.23726162314414978,0.21679222583770752,64,74,0,0,0.0,0.0
27412,19,0.2772,0.3669,0.5552,0.0821,0.4581986367702484,0.31235671043395996,0.22944466769695282,13,2,0,1,0.0,0.6309297535714575
16530,77,0.0482,0.3586,0.8141,0.5444,0.6453655362129211,0.21175284683704376,0.14288152754306793,6,19,1,0,0.3562071871080222,0.0
10610,41,0.1713,0.217,0.6215,0.1771,0.5528713464736938,0.26119789481163025,0.1859307587146759,26,42,0,0,0.0,0.0
7117,18,0.1516,0.6524,0.545,0.0709,0.507434070110321,0.2231958955526352,0.2693699896335602,94,87,0,0,0.0,0.0
25399,23,0.3337,0.5405,0.5552,0.0821,0.40699830651283264,0.33812040090560913,0.2548813223838806,61,87,0,0,0.0,0.0
2427,320,0.0468,0.2414,0.9943,0.793,0.6786187291145325,0.22268593311309814,0.09869541227817535,51,64,0,0,0.0,0.0
31150,133,0.0526,0.1894,0.9119,0.6977,0.6662030220031738,0.2250533252954483,0.10874366760253906,16,42,0,0,0.0,0.0
14826,39,0.0928,0.4304,0.6956,0.3154,0.5959948897361755,0.21905767917633057,0.18494732677936554,11,8,0,1,0.0,0.31546487678572877
13259,206,0.0629,0.2268,0.9953,0.7939,0.6693111658096313,0.23230287432670593,0.09838595986366272,88,8,0,1,0.0,0.31546487678572877
30472,34,0.2702,0.3985,0.6649,0.2557,0.4777028262615204,0.3230256736278534,0.19927142560482025,13,5,0,1,0.0,0.38685280723454163
23233,20,0.1969,0.4877,0.5741,0.1054,0.5033443570137024,0.25876688957214355,0.23788884282112122,3,16,1,0,0.5,0.0
20298,113,0.1103,0.3055,0.888,0.6643,0.6184566617012024,0.25544318556785583,0.1261001080274582,27,32,0,0,0.0,0.0
15187,78,0.1023,0.3727,0.7928,0.5057,0.607387125492096,0.2393529862165451,0.15325993299484253,5,20,1,0,0.38685280723454163,0.0
14844,20,0.2139,0.5863,0.5649,0.0936,0.4809681475162506,0.2624955475330353,0.2565362751483917,77,70,0,0,0.0,0.0
1458,19,0.2709,0.3511,0.5649,0.0936,0.46563586592674255,0.3102371096611023,0.22412702441215515,38,63,0,0,0.0,0.0
12879,282,0.0229,0.2088,1.0,0.8501,0.6914585828781128,0.21498243510723114,0.09355899691581726,50,8,0,1,0.0,0.31546487678572877
26477,62,0.0927,0.3333,0.7556,0.4346,0.6120486855506897,0.2302314043045044,0.1577199399471283,19,57,0,0,0.0,0.0
21801,19,0.2787,0.3879,0.5552,0.0821,0.45544004440307617,0.31211045384407043,0.23244954645633698,87,29,0,0,0.0,0.0
18539,55,0.2391,0.3509,0.6956,0.3154,0.5060766339302063,0.3103935718536377,0.183529794216156,12,5,0,1,0.0,0.38685280723454163
4533,21,0.1806,0.5438,0.5829,0.1173,0.5100931525230408,0.24771931767463684,0.2421875298023224,41,17,0,0,0.0,0.0
18568,20,0.2564,0.5112,0.5741,0.1054,0.46303531527519226,0.2931564152240753,0.243808314204216,4,8,1,1,0.43067655807339306,0.31546487678572877
23301,29,0.2164,0.3301,0.6349,0.2005,0.5155733823776245,0.2861747741699219,0.19825194776058197,39,46,0,0,0.0,0.0
33590,133,0.0448,0.2143,0.898,0.6785,0.6678546071052551,0.21944759786128998,0.11269775032997131,16,33,0,0,0.0,0.0
26547,101,0.0643,0.3745,0.8684,0.6347,0.6413532495498657,0.22503893077373505,0.1336079090833664,5,25,1,0,0.38685280723454163,0.0
22002,69,0.1207,0.2411,0.8011,0.5209,0.6055716276168823,0.2551434338092804,0.13928495347499847,86,95,0,0,0.0,0.0
1693,204,0.0535,0.2814,0.9193,0.7074,0.6611778736114502,0.2240380495786667,0.11478396505117416,88,18,0,0,0.0,0.0
7573,357,0.0349,0.2569,1.0,0.8711,0.6795657277107239,0.22314168512821198,0.09729260206222534,1,1,1,1,1.0,1.0
17455,49,0.1432,0.4121,0.6908,0.306,0.5648596286773682,0.24722039699554443,0.1879199892282486,58,60,0,0,0.0,0.0
11904,118,0.0704,0.2501,0.9012,0.6829,0.6498463153839111,0.23356465995311737,0.11658899486064911,8,19,1,0,0.31546487678572877,0.0
38133,133,0.0574,0.3111,0.9207,0.7093,0.6570806503295898,0.22571425139904022,0.11720514297485352,19,23,0,0,0.0,0.0
17725,30,0.1584,0.5358,0.6413,0.2119,0.5362957119941711,0.24340546131134033,0.22029878199100494,17,7,0,1,0.0,0.3333333333333333
2395,46,0.1552,0.3701,0.726,0.376,0.5648991465568542,0.26143619418144226,0.17366467416286469,7,11,1,0,0.3333333333333333,0.0
7129,54,0.0888,0.2618,0.7414,0.4066,0.6183289289474487,0.22819571197032928,0.15347528457641602,57,69,0,0,0.0,0.0
39224,32,0.1869,0.4221,0.5829,0.1173,0.5177868008613586,0.25706180930137634,0.22515128552913666,78,75,0,0,0.0,0.0
28864,117,0.1084,0.151,0.8776,0.6488,0.6277602314949036,0.257315069437027,0.11492472141981125,1,1,1,1,1.0,1.0
22979,370,0.0266,0.1848,1.0,0.8688,0.6887099742889404,0.21936634182929993,0.09192372113466263,35,27,0,0,0.0,0.0
20891,89,0.0839,0.2141,0.8443,0.5962,0.6363626718521118,0.23823121190071106,0.12540613114833832,2,2,1,1,0.6309297535714575,0.6309297535714575
28999,26,0.2823,0.2787,0.5829,0.1173,0.467155784368515,0.3238614499568939,0.20898276567459106,41,38,0,0,0.0,0.0
39911,33,0.0858,0.4586,0.6475,0.2231,0.5899249315261841,0.20803332328796387,0.20204173028469086,55,4,0,1,0.0,0.43067655807339306
33706,54,0.0845,0.3504,0.7522,0.4278,0.6155142784118652,0.224678635597229,0.15980705618858337,31,61,0,0,0.0,0.0
7601,98,0.1284,0.3122,0.8399,0.589,0.5999560356140137,0.2622450590133667,0.13779890537261963,66,22,0,0,0.0,0.0
25613,36,0.1588,0.3124,0.6809,0.2865,0.5616114139556885,0.25861310958862305,0.17977555096149445,73,71,0,0,0.0,0.0
37886,175,0.0602,0.3678,0.9706,0.7686,0.6593151688575745,0.22772181034088135,0.11296302825212479,95,81,0,0,0.0,0.0
12669,75,0.1458,0.3016,0.7842,0.4895,0.5827537178993225,0.2666528820991516,0.15059341490268707,10,5,1,1,0.2890648263178879,0.38685280723454163
17009,317,0.0143,0.2062,1.0,0.8645,0.6956011652946472,0.21167869865894318,0.09272010624408722,25,59,0,0,0.0,0.0
2759,37,0.2996,0.2951,0.6809,0.2865,0.46648067235946655,0.3516159951686859,0.18190336227416992,91,23,0,0,0.0,0.0
28991,111,0.1379,0.2759,0.8776,0.6488,0.6002619862556458,0.27280551195144653,0.12693247199058533,56,55,0,0,0.0,0.0
120,104,0.0648,0.3103,0.8567,0.6164,0.6438391208648682,0.22594054043293,0.13022033870220184,56,78,0,0,0.0,0.0
34243,152,0.028,0.2133,0.9358,0.7284,0.6833730936050415,0.21166057884693146,0.10496635735034943,69,67,0,0,0.0,0.0
35397,82,0.1148,0.3396,0.7451,0.4138,0.596092164516449,0.24127522110939026,0.16263268887996674,39,29,0,0,0.0,0.0
13099,59,0.0803,0.2842,0.7656,0.4541,0.6248494386672974,0.22589804232120514,0.1492525339126587,9,44,1,0,0.3010299956639812,0.0
24168,81,0.1112,0.2784,0.8309,0.5738,0.6126704812049866,0.2516729235649109,0.13565655052661896,19,4,0,1,0.0,0.43067655807339306
28650,183,0.0203,0.1632,0.975,0.7733,0.696331799030304,0.20901358127593994,0.09465466439723969,90,75,0,0,0.0,0.0
4569,73,0.2541,0.2309,0.809,0.5353,0.5132589340209961,0.3457283675670624,0.14101262390613556,5,14,1,0,0.38685280723454163,0.0
21942,209,0.1138,0.2399,0.9043,0.6873,0.6221585869789124,0.2603372633457184,0.11750420182943344,4,24,1,0,0.43067655807339306,0.0
40920,175,0.0945,0.1326,0.9485,0.7437,0.6468213796615601,0.2525939345359802,0.10058460384607315,35,6,0,1,0.0,0.3562071871080222
20902,101,0.061,0.257,0.8684,0.6347,0.6512334942817688,0.2258816361427307,0.12288478761911392,55,63,0,0,0.0,0.0
8221,162,0.0775,0.156,0.9448,0.7393,0.6563562154769897,0.24158871173858643,0.10205507278442383,85,23,0,0,0.0,0.0
20015,33,0.0954,0.3228,0.6649,0.2557,0.5992217659950256,0.21976850926876068,0.18100973963737488,15,21,0,0,0.0,0.0
33439,199,0.1085,0.2325,0.9639,0.7613,0.6342270374298096,0.2596566081047058,0.10611633211374283,12,2,0,1,0.0,0.6309297535714575
20547,59,0.1215,0.4177,0.7178,0.3596,0.5820401906967163,0.2386152744293213,0.17934450507164001,16,44,0,0,0.0,0.0
27163,22,0.1281,0.4955,0.5649,0.0936,0.5433906316757202,0.21963375806808472,0.23697566986083984,44,10,0,1,0.0,0.2890648263178879
21676,27,0.2188,0.2402,0.6283,0.1889,0.5202292799949646,0.290706068277359,0.18906456232070923,18,10,0,1,0.0,0.2890648263178879
26722,118,0.074,0.2092,0.8931,0.6715,0.6489375233650208,0.2361103892326355,0.11495209485292435,48,18,0,0,0.0,0.0
19670,145,0.0975,0.2799,0.9249,0.7148,0.6334664821624756,0.25037506222724915,0.11615854501724243,69,6,0,1,0.0,0.3562071871080222
36478,101,0.2299,0.4992,0.8038,0.5258,0.5129773616790771,0.3169882595539093,0.17003439366817474,89,36,0,0,0.0,0.0
8428,42,0.1884,0.2877,0.6956,0.3154,0.5455145239830017,0.28018006682395935,0.17430531978607178,35,38,0,0,0.0,0.0
12773,37,0.2039,0.2125,0.6349,0.2005,0.5333902835845947,0.28339067101478577,0.1832190454006195,22,68,0,0,0.0,0.0
27927,82,0.0919,0.2686,0.8286,0.5698,0.6257668137550354,0.24012769758701324,0.13410550355911255,48,4,0,1,0.0,0.43067655807339306
25156,66,0.1535,0.1371,0.79,0.5004,0.5890077352523804,0.2774032652378082,0.13358905911445618,14,2,0,1,0.0,0.6309297535714575
11600,57,0.2086,0.406,0.7556,0.4346,0.5292866230010986,0.29870396852493286,0.1720093935728073,89,7,0,1,0.0,0.3333333333333333
40428,861,0.0199,0.1662,1.0,0.9362,0.6876814365386963,0.22279201447963715,0.08952651172876358,65,5,0,1,0.0,0.38685280723454163
37428,25,0.2069,0.5551,0.5829,0.1173,0.4924068748950958,0.26218709349632263,0.24540607631206512,11,4,0,1,0.0,0.43067655807339306
20041,48,0.3586,0.2559,0.726,0.376,0.43032771348953247,0.4058525860309601,0.16381962597370148,70,53,0,0,0.0,0.0
27018,50,0.1197,0.289,0.726,0.376,0.5945656895637512,0.24301521480083466,0.1624191254377365,15,8,0,1,0.0,0.31546487678572877
36011,81,0.1166,0.1849,0.8239,0.5616,0.6143803000450134,0.2567485272884369,0.1288711577653885,55,28,0,0,0.0,0.0
40,58,0.2055,0.3216,0.7048,0.3337,0.5323200821876526,0.29131871461868286,0.17636115849018097,23,19,0,0,0.0,0.0
20226,40,0.1719,0.4523,0.7002,0.3247,0.5439627170562744,0.26420721411705017,0.19183003902435303,27,20,0,0,0.0,0.0
19108,617,0.0151,0.1651,1.0,0.9279,0.6914988160133362,0.2192021608352661,0.08929901570081711,68,81,0,0,0.0,0.0
14050,129,0.0993,0.1813,0.8547,0.6132,0.6294671297073364,0.24916782975196838,0.1213650181889534,56,37,0,0,0.0,0.0
28566,36,0.3057,0.3845,0.6757,0.2765,0.45551908016204834,0.35011813044548035,0.1943628042936325,59,8,0,1,0.0,0.31546487678572877
38095,227,0.0507,0.2615,1.0,0.8038,0.6754757761955261,0.2251327782869339,0.09939147531986237,34,59,0,0,0.0,0.0
39931,426,0.0755,0.217,1.0,0.8632,0.6561310291290283,0.24716930091381073,0.09669961780309677,12,14,0,0,0.0,0.0
21443,32,0.0806,0.3402,0.6593,0.2451,0.6059845685958862,0.2106330543756485,0.18338239192962646,22,20,0,0,0.0,0.0
30759,19,0.2181,0.7235,0.545,0.0709,0.4595627784729004,0.25511351227760315,0.28532376885414124,5,8,1,1,0.38685280723454163,0.31546487678572877
29354,356,0.0966,0.147,1.0,0.8797,0.6437291502952576,0.2636812627315521,0.09258962422609329,8,8,1,1,0.31546487678572877,0.31546487678572877
29366,73,0.1366,0.2234,0.7842,0.4895,0.5943559408187866,0.26334404945373535,0.14229997992515564,13,57,0,0,0.0,0.0
14262,64,0.0788,0.3834,0.7842,0.4895,0.6205632090568542,0.22459761798381805,0.15483911335468292,7,7,1,1,0.3333333333333333,0.3333333333333333
33681,542,0.016,0.2149,1.0,0.9182,0.6893133521080017,0.2179267555475235,0.09275994449853897,52,37,0,0,0.0,0.0
31307,52,0.0828,0.3894,0.6349,0.2005,0.5960415601730347,0.20727232098579407,0.19668617844581604,73,28,0,0,0.0,0.0
11336,103,0.048,0.2797,0.8485,0.6031,0.6554226875305176,0.2165634036064148,0.1280139684677124,71,80,0,0,0.0,0.0
5615,59,0.0825,0.286,0.772,0.4664,0.6240676641464233,0.227873757481575,0.14805853366851807,15,7,0,1,0.0,0.3333333333333333
18879,25,0.0741,0.4421,0.607,0.1534,0.5908235907554626,0.19811555743217468,0.21106085181236267,60,5,0,1,0.0,0.38685280723454163
33964,48,0.1273,0.3023,0.726,0.376,0.588579535484314,0.24705354869365692,0.16436690092086792,69,11,0,0,0.0,0.0
41538,350,0.0656,0.2762,0.9522,0.748,0.658440113067627,0.23230624198913574,0.10925368219614029,39,20,0,0,0.0,0.0
40684,56,0.1018,0.4323,0.7624,0.4477,0.5993032455444336,0.23329663276672363,0.16740009188652039,26,47,0,0,0.0,0.0
22257,47,0.172,0.3693,0.7219,0.3679,0.5532629489898682,0.27112942934036255,0.17560766637325287,38,63,0,0,0.0,0.0
